fullitemname,roomid,area,locids,plmtypeid,plmparamhi,plmparamlo,hiddenness,xy,plmtypename,state,roomname,alternateroomid,alternateroomlocids,alternateroomdifferenthiddenness
Arion 3 Bomb Entry Missile 37,0,0,0x300006,0,0,0,chozo,0,0,0,Arion 3 Bomb Entry Missile 37,0,0,
Arion 3 Hidden BT Missile 335,0,0,0x300024,0,0,0,chozo,0,0,0,Arion 3 Hidden BT Missile 335,0,0,
Arion 3 BT Bottom Missile 336,0,0,0x300218,0,0,0,chozo,0,0,0,Arion 3 BT Bottom Missile 336,0,0,
Wadaria 2 Custombosslocked Super Missile,0,0,0x300418,0,0,0,chozo,0,0,0,Wadaria 2 Custombosslocked Super Missile,0,0,
Wadaria 2 Wavelocked Super Missile,0,0,0x30041e,0,0,0,chozo,0,0,0,Wadaria 2 Wavelocked Super Missile,0,0,
Mahagan 1 Highest Missile,0,0,0x300468,0,0,0,chozo,0,0,0,Mahagan 1 Highest Missile,0,0,
Arion 1 From SE39 Super Missile 80,0,0,0x300528,0,0,0,chozo,0,0,0,Arion 1 From SE39 Super Missile 80,0,0,
Arion 1 Elevator to Messadon Missile 55,0,0,0x30052e,0,0,0,chozo,0,0,0,Arion 1 Elevator to Messadon Missile 55,0,0,
Bgarnowr 3 Bottom Plasmalock Power Bomb,0,0,0x30057c,0,0,0,chozo,0,0,0,Bgarnowr 3 Bottom Plasmalock Power Bomb,0,0,
Base0-1 by SE61 Missile,0,0,0x3005d8,0,0,0,chozo,0,0,0,Base0-1 by SE61 Missile,0,0,
Arion 3 Bombs 7,0,0,0x300606,0,0,0,chozo,0,0,0,Arion 3 Bombs 7,0,0,
Arion 3 Bomb Torizo Energy Tank 2114,0,0,0x300612,0,0,0,chozo,0,0,0,Arion 3 Bomb Torizo Energy Tank 2114,0,0,
Arion 1 Spacejumplock Super Missile 288,0,0,0x300620,0,0,0,chozo,0,0,0,Arion 1 Spacejumplock Super Missile 288,0,0,
Arion 1 Spacejumplock Missile 345,0,0,0x300626,0,0,0,chozo,0,0,0,Arion 1 Spacejumplock Missile 345,0,0,
Bgarnowr 3 Central Power Bomb,0,0,0x30065e,0,0,0,chozo,0,0,0,Bgarnowr 3 Central Power Bomb,0,0,
Bgarnowr 3 Central Missile,0,0,0x300664,0,0,0,chozo,0,0,0,Bgarnowr 3 Central Missile,0,0,
Messadon 1 Top Right Back Missile 1596,0,0,0x300672,0,0,0,chozo,0,0,0,Messadon 1 Top Right Back Missile 1596,0,0x300556,
Messadon 1 Top Right Front Missile 1597,0,0,0x300678,0,0,0,chozo,0,0,0,Messadon 1 Top Right Front Missile 1597,0,0x30055c,
Arion 1 Below SE13 Power Bomb 89,0,0,0x30080c,0,0,0,chozo,0,0,0,Arion 1 Below SE13 Power Bomb 89,0,0,
Arion 1 Pair Missile L 1588,0,0,0x300818,0,0,0,chozo,0,0,0,Arion 1 Pair Missile L 1588,0,0,
Arion 1 Pair Missile R 1589,0,0,0x300824,0,0,0,chozo,0,0,0,Arion 1 Pair Missile R 1589,0,0,
Arion 2 Below Beetom Left Super Missile 293,0,0,0x300856,0,0,0,chozo,0,0,0,Arion 2 Below Beetom Left Super Missile 293,0,0,
Arion 2 Below Beetom Right Super Missile 294,0,0,0x30085c,0,0,0,chozo,0,0,0,Arion 2 Below Beetom Right Super Missile 294,0,0,
Arion 2 Below Beetom Chozo Missile 1590,0,0,0x300862,0,0,0,chozo,0,0,0,Arion 2 Below Beetom Chozo Missile 1590,0,0,
Arion 2 Beetom Behind Missile 1591,0,0,0x30086a,0,0,0,chozo,0,0,0,Arion 2 Beetom Behind Missile 1591,0,0,
Arion 2 Beetom Ceiling Missile 1592,0,0,0x300870,0,0,0,chozo,0,0,0,Arion 2 Beetom Ceiling Missile 1592,0,0,
Base0-1 Gravity Suit,0,0,0x300a3a,0,0,0,chozo,0,0,0,Base0-1 Gravity Suit,0,0x305620,
Arion 1 Left Shaft Missile 1586,0,0,0x300a92,0,0,0,chozo,0,0,0,Arion 1 Left Shaft Missile 1586,0,0,
Arion 1 Beside Pair Missile 1587,0,0,0x300a98,0,0,0,chozo,0,0,0,Arion 1 Beside Pair Missile 1587,0,0,
Messadon 1 Ice Energy Tank 19,0,0,0x300ab8,0,0,0,chozo,0,0,0,Messadon 1 Ice Energy Tank 19,0,0,
Messadon 1 Entry Icelocked Missile 41,0,0,0x300aca,0,0,0,chozo,0,0,0,Messadon 1 Entry Icelocked Missile 41,0,0,
Messadon 1 Elevator to Chaud Bay Hidden Missile 1617,0,0,0x300ad6,0,0,0,chozo,0,0,0,Messadon 1 Elevator to Chaud Bay Hidden Missile 1617,0,0,
Messadon 1 Elevator to Chaud Bay Chozo Missile 1616,0,0,0x300adc,0,0,0,chozo,0,0,0,Messadon 1 Elevator to Chaud Bay Chozo Missile 1616,0,0,
Arion 2 by SE67 Missile 322,0,0,0x300c12,0,0,0,chozo,0,0,0,Arion 2 by SE67 Missile 322,0,0,
Arion 2 Left Middle Lower Missile 323,0,0,0x300c18,0,0,0,chozo,0,0,0,Arion 2 Left Middle Lower Missile 323,0,0,
Messadon 1 by SE42 Missile 57,0,0,0x300c44,0,0,0,chozo,0,0,0,Messadon 1 by SE42 Missile 57,0,0,
Bgarnowr 2 Bottom Right Super Missile,0,0,0x300c8e,0,0,0,chozo,0,0,0,Bgarnowr 2 Bottom Right Super Missile,0,0,
Bgarnowr 3 Top Pair Left Missile,0,0,0x300e18,0,0,0,chozo,0,0,0,Bgarnowr 3 Top Pair Left Missile,0,0,
Bgarnowr 3 Top Pair Right Missile,0,0,0x300e1e,0,0,0,chozo,0,0,0,Bgarnowr 3 Top Pair Right Missile,0,0,
Bgarnowr 3 Walljumplock Missile,0,0,0x300e24,0,0,0,chozo,0,0,0,Bgarnowr 3 Walljumplock Missile,0,0,
Arion 2 Right of Ship Missile 1271,0,0,0x30122a,0,0,0,chozo,0,0,0,Arion 2 Right of Ship Missile 1271,0,0,
Bgarnowr 1 Springball,0,0,0x30124a,0,0,0,chozo,0,0,0,Bgarnowr 1 Springball,0,0,
Bgarnowr 1 by Springball Missile,0,0,0x301262,0,0,0,chozo,0,0,0,Bgarnowr 1 by Springball Missile,0,0,
Wadaria 1 Top Left Missile,0,0,0x301420,0,0,0,chozo,0,0,0,Wadaria 1 Top Left Missile,0,0,
Bgarnowr 2 Top Right Power Bomb,0,0,0x30145a,0,0,0,chozo,0,0,0,Bgarnowr 2 Top Right Power Bomb,0,0,
Bgarnowr 2 Top Right Super Missile,0,0,0x301460,0,0,0,chozo,0,0,0,Bgarnowr 2 Top Right Super Missile,0,0,
Bgarnowr 2 Below Center Right Super Missile,0,0,0x3014a0,0,0,0,chozo,0,0,0,Bgarnowr 2 Below Center Right Super Missile,0,0,
Mahagan 1 Walljump Boots,0,0,0x3014cc,0,0,0,chozo,0,0,0,Mahagan 1 Walljump Boots,0,0,
Mahagan 1 Below Walljump Speedballlock Energy Tank,0,0,0x3014d8,0,0,0,chozo,0,0,0,Mahagan 1 Below Walljump Speedballlock Energy Tank,0,0,
Chaud Bay 1 Charge Beam,0,0,0x301566,0,0,0,chozo,0,0,0,Chaud Bay 1 Charge Beam,0,0,
Messadon 3 Grapple Beam 60,0,0,0x301864,0,0,0,chozo,0,0,0,Messadon 3 Grapple Beam 60,0,0,
Bgarnowr 2 by SE63 Missile,0,0,0x301a18,0,0,0,chozo,0,0,0,Bgarnowr 2 by SE63 Missile,0,0,
Mahagan 2 Speed-Chargelock Super Missile,0,0,0x301a4a,0,0,0,chozo,0,0,0,Mahagan 2 Speed-Chargelock Super Missile,0,0,
Arion 1 Alpha Ridley Power Bomb 99,0,0,0x301a70,0,0,0,chozo,0,0,0,Arion 1 Alpha Ridley Power Bomb 99,0,0,
Base0-1 Power Bomb,0,0,0x301ab4,0,0,0,chozo,0,0,0,Base0-1 Power Bomb,0,0,
Base0-1 Left Side Super Missile,0,0,0x301aba,0,0,0,chozo,0,0,0,Base0-1 Left Side Super Missile,0,0,
Chaud Bay 2 Left Center Missile,0,0,0x301c0c,0,0,0,chozo,0,0,0,Chaud Bay 2 Left Center Missile,0,0,
Base0-1 Right Side Super Missile,0,0,0x301c82,0,0,0,chozo,0,0,0,Base0-1 Right Side Super Missile,0,0,
Chaud Bay 3 Near Varia Lava Missile,0,0,0x301cd4,0,0,0,chozo,0,0,0,Chaud Bay 3 Near Varia Lava Missile,0,0,
Chaud Bay 2 Killem Right Missile,0,0,0x301ce2,0,0,0,chozo,0,0,0,Chaud Bay 2 Killem Right Missile,0,0,
Chaud Bay 2 by SE74 Missile,0,0,0x301ce8,0,0,0,chozo,0,0,0,Chaud Bay 2 by SE74 Missile,0,0,
Chaud Bay 1 Left Center Super Missile,0,0,0x301e38,0,0,0,chozo,0,0,0,Chaud Bay 1 Left Center Super Missile,0,0,
Messadon 2 Morph Ball 26,0,0,0x30200c,0,0,0,chozo,0,0,0,Messadon 2 Morph Ball 26,0,0,
Base0-2 Entry Energy Tank,0,0,0x30203e,0,0,0,chozo,0,0,0,Base0-2 Entry Energy Tank,0,0,
Chaud Bay 1 Bottom Left Missile,0,0,0x3020ba,0,0,0,chozo,0,0,0,Chaud Bay 1 Bottom Left Missile,0,0,
Messadon 3 Top Left Super Missile 73,0,0,0x3020ec,0,0,0,chozo,0,0,0,Messadon 3 Top Left Super Missile 73,0,0,
Arion 3 from SE66 Missile 320,0,0,0x302108,0,0,0,chozo,0,0,0,Arion 3 from SE66 Missile 320,0,0,
Base0-1 Bottom Right Missile,0,0,0x302134,0,0,0,chozo,0,0,0,Base0-1 Bottom Right Missile,0,0,
Messadon 3 Speedballlocked Missile 1593,0,0,0x30215c,0,0,0,chozo,0,0,0,Messadon 3 Speedballlocked Missile 1593,0,0,
Chaud Bay 2 Metroid Maze Missile,0,0,0x302242,0,0,0,chozo,0,0,0,Chaud Bay 2 Metroid Maze Missile,0,0,
Chaud Bay 2 Croc Super Missile,0,0,0x30227e,0,0,0,chozo,0,0,0,Chaud Bay 2 Croc Super Missile,0,0,
Messadon 2 Lower Right Missile 56,0,0,0x302412,0,0,0,chozo,0,0,0,Messadon 2 Lower Right Missile 56,0,0,
Messadon 2 Above Lootroom Super Missile 75,0,0,0x302488,0,0,0,chozo,0,0,0,Messadon 2 Above Lootroom Super Missile 75,0,0,
Arion 3 HiJump 53,0,0,0x3024a8,0,0,0,chozo,0,0,0,Arion 3 HiJump 53,0,0,
Arion 2 at SE32 Missile 47,0,0,0x3024bc,0,0,0,chozo,0,0,0,Arion 2 at SE32 Missile 47,0,0,
Arion 2 Below SE67 Missile 346,0,0,0x3024ce,0,0,0,chozo,0,0,0,Arion 2 Below SE67 Missile 346,0,0,
Wadaria 3 Split Room Bottom Missile,0,0,0x302624,0,0,0,chozo,0,0,0,Wadaria 3 Split Room Bottom Missile,0,0,
Bgarnowr 3 from SE22 Super Missile,0,0,0x3026b2,0,0,0,chozo,0,0,0,Bgarnowr 3 from SE22 Super Missile,0,0,
Mahagan 3 Below Speedballlock Missile,0,0,0x302852,0,0,0,chozo,0,0,0,Mahagan 3 Below Speedballlock Missile,0,0,
Mahagan 3 Speedballlock Super Missile,0,0,0x302858,0,0,0,chozo,0,0,0,Mahagan 3 Speedballlock Super Missile,0,0,
Chaud Bay 3 Top Xraylocked Super Missile,0,0,0x302884,0,0,0,chozo,0,0,0,Chaud Bay 3 Top Xraylocked Super Missile,0,0,
Base0-3 Bottom Super Missile,0,0,0x302a44,0,0,0,chozo,0,0,0,Base0-3 Bottom Super Missile,0,0,
Base0-3 Bottom Energy Tank,0,0,0x302c24,0,0,0,chozo,0,0,0,Base0-3 Bottom Energy Tank,0,0,
Chaud Bay 1 Top Left Super Missile,0,0,0x302e00,0,0,0,chozo,0,0,0,Chaud Bay 1 Top Left Super Missile,0,0,
Bgarnowr 2 Grapplelocked Super Missile,0,0,0x302e2c,0,0,0,chozo,0,0,0,Bgarnowr 2 Grapplelocked Super Missile,0,0,
Bgarnowr 3 Grapplelocked Cave Missile,0,0,0x302e38,0,0,0,chozo,0,0,0,Bgarnowr 3 Grapplelocked Cave Missile,0,0,
Wadaria 2 Bottom Right Grapplelocked Super Missile,0,0,0x303014,0,0,0,chozo,0,0,0,Wadaria 2 Bottom Right Grapplelocked Super Missile,0,0,
Arion 1 Bottom Right Super Missile 269,0,0,0x303022,0,0,0,chozo,0,0,0,Arion 1 Bottom Right Super Missile 269,0,0,
Bgarnowr 3 Secret Fish Energy Tank,0,0,0x30308c,0,0,0,chozo,0,0,0,Bgarnowr 3 Secret Fish Energy Tank,0,0x306a40,
Base0-2 Left Hallway Missile,0,0,0x3030ee,0,0,0,chozo,0,0,0,Base0-2 Left Hallway Missile,0,0,
Messadon 3 Bottom Left Missile 1570,0,0,0x303158,0,0,0,chozo,0,0,0,Messadon 3 Bottom Left Missile 1570,0,0,
Base0-3 Bottom Missile,0,0,0x30316c,0,0,0,chozo,0,0,0,Base0-3 Bottom Missile,0,0,
Mahagan 1 Right Chargeway Missile,0,0,0x303180,0,0,0,chozo,0,0,0,Mahagan 1 Right Chargeway Missile,0,0,
Mahagan 1 Lower Left Missile,0,0,0x303188,0,0,0,chozo,0,0,0,Mahagan 1 Lower Left Missile,0,0,
Base0-2 Entry Hallway Power Bomb,0,0,0x303246,0,0,0,chozo,0,0,0,Base0-2 Entry Hallway Power Bomb,0,0,
Arion 3 Top Right Missile 1571,0,0,0x303488,0,0,0,chozo,0,0,0,Arion 3 Top Right Missile 1571,0,0,
Chaud Bay 3 Top Right Power Bomb,0,0,0x3034b4,0,0,0,chozo,0,0,0,Chaud Bay 3 Top Right Power Bomb,0,0,
Wadaria 1 Right Side Missile,0,0,0x3034ee,0,0,0,chozo,0,0,0,Wadaria 1 Right Side Missile,0,0,
Messadon 3 by SE28 Super Missile 295,0,0,0x303502,0,0,0,chozo,0,0,0,Messadon 3 by SE28 Super Missile 295,0,0,
Arion 3 by SE19 Super Missile 69,0,0,0x303606,0,0,0,chozo,0,0,0,Arion 3 by SE19 Super Missile 69,0,0,
Messadon 3 Alpha Reserve Tank,0,0,0x303812,0,0,0,chozo,0,0,0,Messadon 3 Alpha Reserve Tank,0,0,
Messadon 2 Spore Spawn Missile 45,0,0,0x30385e,0,0,0,chozo,0,0,0,Messadon 2 Spore Spawn Missile 45,0,0,
Messadon 2 Gravitylocked Missile 337,0,0,0x30388e,0,0,0,chozo,0,0,0,Messadon 2 Gravitylocked Missile 337,0,0,
Messadon 2 Large Below Retro Missile 46,0,0,0x303a3a,0,0,0,chozo,0,0,0,Messadon 2 Large Below Retro Missile 46,0,0,
Messadon 2 Large Below Retro Super Missile 76,0,0,0x303a40,0,0,0,chozo,0,0,0,Messadon 2 Large Below Retro Super Missile 76,0,0,
Mahagan 1 Prize Room Missile,0,0,0x303a62,0,0,0,chozo,0,0,0,Mahagan 1 Prize Room Missile,0,0,
Mahagan 1 Leftmost Missile,0,0,0x303a6e,0,0,0,chozo,0,0,0,Mahagan 1 Leftmost Missile,0,0,
Wadaria 1 Warp to Messadon Energy Tank,0,0,0x303a7c,0,0,0,chozo,0,0,0,Wadaria 1 Warp to Messadon Energy Tank,0,0,
Messadon 2 by SE37 Super Missile 82,0,0,0x303c3e,0,0,0,chozo,0,0,0,Messadon 2 by SE37 Super Missile 82,0,0,
Wadaria 1 Left Side Super Missile,0,0,0x303c52,0,0,0,chozo,0,0,0,Wadaria 1 Left Side Super Missile,0,0,
Bgarnowr 1 by SE69 Super Missile,0,0,0x303e62,0,0,0,chozo,0,0,0,Bgarnowr 1 by SE69 Super Missile,0,0,
Messadon 2 Spazerlocked Prize Power Bomb 92,0,0,0x303e88,0,0,0,chozo,0,0,0,Messadon 2 Spazerlocked Prize Power Bomb 92,0,0,
Messadon 2 Outside Spore Missile 44,0,0,0x303e8e,0,0,0,chozo,0,0,0,Messadon 2 Outside Spore Missile 44,0,0,
Messadon 2 Outside Spore Reserve Tank 129,0,0,0x303ea6,0,0,0,chozo,0,0,0,Messadon 2 Outside Spore Reserve Tank 129,0,0,
Chaud Bay 2 Center Power Bomb,0,0,0x304024,0,0,0,chozo,0,0,0,Chaud Bay 2 Center Power Bomb,0,0,
Arion 3 Gravitylocked Missile 321,0,0,0x30404a,0,0,0,chozo,0,0,0,Arion 3 Gravitylocked Missile 321,0,0,
Arion 2 Ripper Missile 43,0,0,0x30461e,0,0,0,chozo,0,0,0,Arion 2 Ripper Missile 43,0,0,
Mahagan 3 Elevator Super Missile,0,0,0x305200,0,0,0,chozo,0,0,0,Mahagan 3 Elevator Super Missile,0,0,
Mahagan 3 Nearest Elevator Missile,0,0,0x30522a,0,0,0,chozo,0,0,0,Mahagan 3 Nearest Elevator Missile,0,0,
Base0-2 Speed Booster,0,0,0x305612,0,0,0,chozo,0,0,0,Base0-2 Speed Booster,0,0,
Messadon 1 Bottom Right Killall Super Missile 83,0,0,0x30565e,0,0,0,chozo,0,0,0,Messadon 1 Bottom Right Killall Super Missile 83,0,0,
Messadon 1 Bottom Right Super Missile 553,0,0,0x305670,0,0,0,chozo,0,0,0,Messadon 1 Bottom Right Super Missile 553,0,0,
Bgarnowr 2 Left Side Powerbomblocked Missile,0,0,0x305848,0,0,0,chozo,0,0,0,Bgarnowr 2 Left Side Powerbomblocked Missile,0,0,
Bgarnowr 2 Above Center Right Super Missile,0,0,0x305a5a,0,0,0,chozo,0,0,0,Bgarnowr 2 Above Center Right Super Missile,0,0,
Bgarnowr 3 Bottom Left Missile,0,0,0x305e2c,0,0,0,chozo,0,0,0,Bgarnowr 3 Bottom Left Missile,0,0,
Chaud Bay 4 Lost Caves Super Missile,0,0,0x305e52,0,0,0,chozo,0,0,0,Chaud Bay 4 Lost Caves Super Missile,0,0x30049a,
Chaud Bay 4 Speedballlocked Missile,0,0,0x30602c,0,0,0,chozo,0,0,0,Chaud Bay 4 Speedballlocked Missile,0,0,
Chaud Bay 4 Wavelocked Super Missile,0,0,0x306032,0,0,0,chozo,0,0,0,Chaud Bay 4 Wavelocked Super Missile,0,0,
Chaud Bay 4 Above Ridley Missile,0,0,0x30604a,0,0,0,chozo,0,0,0,Chaud Bay 4 Above Ridley Missile,0,0,
Chaud Bay 2 Bottom Reserve Tank,0,0,0x306052,0,0,0,chozo,0,0,0,Chaud Bay 2 Bottom Reserve Tank,0,0,
Chaud Bay 2 at SE71 Super Missile,0,0,0x306064,0,0,0,chozo,0,0,0,Chaud Bay 2 at SE71 Super Missile,0,0,
Chaud Bay 2 Bottom Right Missile,0,0,0x30606a,0,0,0,chozo,0,0,0,Chaud Bay 2 Bottom Right Missile,0,0,
Bgarnowr 1 Right Side Torizolock Missile,0,0,0x306446,0,0,0,chozo,0,0,0,Bgarnowr 1 Right Side Torizolock Missile,0,0,
Bgarnowr 3 Top Power Bomb,0,0,0x3060b0,0,0,0,chozo,0,0,0,Bgarnowr 3 Top Power Bomb,0,0,
Wadaria 3 Top Right Screwlocked Super Missile,0,0,0x3060d6,0,0,0,chozo,0,0,0,Wadaria 3 Top Right Screwlocked Super Missile,0,0,
Arion 1 Bottom Right Missile 334,0,0,0x30614c,0,0,0,chozo,0,0,0,Arion 1 Bottom Right Missile 334,0,0,
Mahagan 2 Bottom Right Missile,0,0,0x306172,0,0,0,chozo,0,0,0,Mahagan 2 Bottom Right Missile,0,0,
Arion 1 by SE66 Missile 344,0,0,0x3061c2,0,0,0,chozo,0,0,0,Arion 1 by SE66 Missile 344,0,0,
Chaud Bay 4 Below Ridley Super Missile,0,0,0x306224,0,0,0,chozo,0,0,0,Chaud Bay 4 Below Ridley Super Missile,0,0,
Base0-2 by SE23 Missile,0,0,0x306260,0,0,0,chozo,0,0,0,Base0-2 by SE23 Missile,0,0,
Base0-1 Far Right Missile,0,0,0x30626c,0,0,0,chozo,0,0,0,Base0-1 Far Right Missile,0,0,
Wadaria 2 Space Jump,0,0,0x3062a4,0,0,0,chozo,0,0,0,Wadaria 2 Space Jump,0,0,
Messadon 2 by SE30 Missile 1569,0,0,0x3062c6,0,0,0,chozo,0,0,0,Messadon 2 by SE30 Missile 1569,0,0,
Mahagan 2 Top Missile,0,0,0x306312,0,0,0,chozo,0,0,0,Mahagan 2 Top Missile,0,0,
Wadaria 1 Shaft Hidden Missile,0,0,0x30636a,0,0,0,chozo,0,0,0,Wadaria 1 Shaft Hidden Missile,0,0,
Base0-2 Bottom Right Super Missile,0,0,0x306432,0,0,0,chozo,0,0,0,Base0-2 Bottom Right Super Missile,0,0,
Messadon 3 Golden Torizo Super Missile Super Missile,0,0,0x306612,0,0,0,chozo,0,0,0,Messadon 3 Golden Torizo Super Missile Super Missile,0,0,
Mahagan 3 Bottom Right Super Missile,0,0,0x306664,0,0,0,chozo,0,0,0,Mahagan 3 Bottom Right Super Missile,0,0,
Messadon 1 Tall Tower Missile 1599,0,0,0x306690,0,0,0,chozo,0,0,0,Messadon 1 Tall Tower Missile 1599,0,0,
Messadon 2 Outside Spazerblock Super Missile 292,0,0,0x306814,0,0,0,chozo,0,0,0,Messadon 2 Outside Spazerblock Super Missile 292,0,0,
Messadon 2 Right Side Xraylocked Super Missile 291,0,0,0x30681a,0,0,0,chozo,0,0,0,Messadon 2 Right Side Xraylocked Super Missile 291,0,0,
Messadon 3 "wavelocked" Missile,0,0,0x306834,0,0,0,chozo,0,0,0,Messadon 3 "wavelocked" Missile,0,0,
Base0-2 Hallway Central Missile,0,0,0x30686e,0,0,0,chozo,0,0,0,Base0-2 Hallway Central Missile,0,0,
Base0-2 by SE18/23/59/78 Missile,0,0,0x30688c,0,0,0,chozo,0,0,0,Base0-2 by SE18/23/59/78 Missile,0,0,
Base0-3 Boss Missile,0,0,0x306894,0,0,0,chozo,0,0,0,Base0-3 Boss Missile,0,0,
Wadaria 2 by SE33 Missile,0,0,0x306a0c,0,0,0,chozo,0,0,0,Wadaria 2 by SE33 Missile,0,0,
Chaud Bay 2 Bottom Right Power Bomb,0,0,0x306a60,0,0,0,chozo,0,0,0,Chaud Bay 2 Bottom Right Power Bomb,0,0,
Bgarnowr 1 Bottom Left Super Missile,0,0,0x306a8c,0,0,0,chozo,0,0,0,Bgarnowr 1 Bottom Left Super Missile,0,0,
Bgarnowr 1 Spazer,0,0,0x306ae6,0,0,0,chozo,0,0,0,Bgarnowr 1 Spazer,0,0,
Wadaria 1 Speed Hallway Super Missile,0,0,0x306af4,0,0,0,chozo,0,0,0,Wadaria 1 Speed Hallway Super Missile,0,0,
Bgarnowr 1 Top Left Missile,0,0,0x306b08,0,0,0,chozo,0,0,0,Bgarnowr 1 Top Left Missile,0,0,
Messadon 3 Grapplelocked Super Missile,0,0,0x306c88,0,0,0,chozo,0,0,0,Messadon 3 Grapplelocked Super Missile,0,0,
Messadon 3 Top Right Missile,0,0,0x306c8e,0,0,0,chozo,0,0,0,Messadon 3 Top Right Missile,0,0,
Wadaria 3 Farthest Right Missile,0,0,0x306cc6,0,0,0,chozo,0,0,0,Wadaria 3 Farthest Right Missile,0,0,
Messadon 2 Alpha Missile 1 33,0,0,0x306ce0,0,0,0,chozo,0,0,0,Messadon 2 Alpha Missile 1 33,0,0,
Messadon 2 Alpha Missile 2 31,0,0,0x306ce6,0,0,0,chozo,0,0,0,Messadon 2 Alpha Missile 2 31,0,0,
Messadon 2 Alpha Missile 3 32,0,0,0x306cec,0,0,0,chozo,0,0,0,Messadon 2 Alpha Missile 3 32,0,0,
Messadon 1 by Arion 2 Super Missile 297,0,0,0x306d0a,0,0,0,chozo,0,0,0,Messadon 1 by Arion 2 Super Missile 297,0,0,
Mahagan 2 Ridley Speedballlock Super Missile,0,0,0x306d30,0,0,0,chozo,0,0,0,Mahagan 2 Ridley Speedballlock Super Missile,0,0,
Chaud Bay 4 Elevator Lava Missile,0,0,0x306e06,0,0,0,chozo,0,0,0,Chaud Bay 4 Elevator Lava Missile,0,0,
Chaud Bay 4 by SE43 Missile,0,0,0x306e0c,0,0,0,chozo,0,0,0,Chaud Bay 4 by SE43 Missile,0,0,
Bgarnowr 2 Top Missile,0,0,0x306e58,0,0,0,chozo,0,0,0,Bgarnowr 2 Top Missile,0,0,
Arion 2 from SE12 Super Missile 67,0,0,0x306e72,0,0,0,chozo,0,0,0,Arion 2 from SE12 Super Missile 67,0,0,
Wadaria 2 Farthest Bottom Right Super Missile,0,0,0x306e92,0,0,0,chozo,0,0,0,Wadaria 2 Farthest Bottom Right Super Missile,0,0,
Chaud Bay 3 Croc Maze Missile,0,0,0x306efa,0,0,0,chozo,0,0,0,Chaud Bay 3 Croc Maze Missile,0,0,
Arion 2 Central Super Missile 74,0,0,0x307030,0,0,0,chozo,0,0,0,Arion 2 Central Super Missile 74,0,0,
Base0-2 Map Missile,0,0,0x307046,0,0,0,chozo,0,0,0,Base0-2 Map Missile,0,0,
Base0-3 After Map Missile,0,0,0x30704c,0,0,0,chozo,0,0,0,Base0-3 After Map Missile,0,0,
Mahagan 1 Prize Room Energy Tank,0,0,0x30709c,0,0,0,chozo,0,0,0,Mahagan 1 Prize Room Energy Tank,0,0,
Bgarnowr 3 Plasma Beam,0,0,0x307228,0,0,0,chozo,0,0,0,Bgarnowr 3 Plasma Beam,0,0,
Chaud Bay 2 Top Left Missile,0,0,0x30740c,0,0,0,chozo,0,0,0,Chaud Bay 2 Top Left Missile,0,0,
Chaud Bay 2 Left Side Power Bomb,0,0,0x307412,0,0,0,chozo,0,0,0,Chaud Bay 2 Left Side Power Bomb,0,0,
Chaud Bay 3 Missile,0,0,0x307456,0,0,0,chozo,0,0,0,Chaud Bay 3 Missile,0,0,
Wadaria 2 Alpha Top Super Missile,0,0,0x30750c,0,0,0,chozo,0,0,0,Wadaria 2 Alpha Top Super Missile,0,0,
Wadaria 2 Alpha Bottom Super Missile,0,0,0x307512,0,0,0,chozo,0,0,0,Wadaria 2 Alpha Bottom Super Missile,0,0,
Wadaria 2 F Missile,0,0,0x3074ba,0,0,0,chozo,0,0,0,Wadaria 2 F Missile,0,0,
Arion 1 Left of Ship Missile 300,0,0,0x3074c2,0,0,0,chozo,0,0,0,Arion 1 Left of Ship Missile 300,0,0,
Arion 1 Left of Ship Super Missile 551,0,0,0x3074f2,0,0,0,chozo,0,0,0,Arion 1 Left of Ship Super Missile 551,0,0,
Wadaria 1 Top Right Missile,0,0,0x307618,0,0,0,chozo,0,0,0,Wadaria 1 Top Right Missile,0,0,
Chaud Bay 3 Varia Suit,0,0,0x307632,0,0,0,chozo,0,0,0,Chaud Bay 3 Varia Suit,0,0x307d4a,
Chaud Bay 2 By Base0-3 Elevator Power Bomb,0,0,0x307638,0,0,0,chozo,0,0,0,Chaud Bay 2 By Base0-3 Elevator Power Bomb,0,0x307d44,
Chaud Bay 1 Chargelocked Missile,0,0,0x30765e,0,0,0,chozo,0,0,0,Chaud Bay 1 Chargelocked Missile,0,0,
Chaud Bay 1 Top Right Missile,0,0,0x307664,0,0,0,chozo,0,0,0,Chaud Bay 1 Top Right Missile,0,0,
Arion 1 Triple Top Left Missile 1585,0,0,0x307678,0,0,0,chozo,0,0,0,Arion 1 Triple Top Left Missile 1585,0,0,
Arion 1 Below Triple Missile 1582,0,0,0x30767e,0,0,0,chozo,0,0,0,Arion 1 Below Triple Missile 1582,0,0,
Arion 1 Triple Bottom Left Missile 1583,0,0,0x307684,0,0,0,chozo,0,0,0,Arion 1 Triple Bottom Left Missile 1583,0,0,
Arion 1 Triple Top Right Missile 1584,0,0,0x30768a,0,0,0,chozo,0,0,0,Arion 1 Triple Top Right Missile 1584,0,0,
Arion 3 BT Power Bomb 108,0,0,0x3076aa,0,0,0,chozo,0,0,0,Arion 3 BT Power Bomb 108,0,0,
Messadon 3 Bottom Right Super Missile,0,0,0x3076b8,0,0,0,chozo,0,0,0,Messadon 3 Bottom Right Super Missile,0,0,
Messadon 1 by SE72 Missile 1595,0,0,0x3076cc,0,0,0,chozo,0,0,0,Messadon 1 by SE72 Missile 1595,0,0,
Messadon 2 Outside Alpha Missile 30,0,0,0x3076da,0,0,0,chozo,0,0,0,Messadon 2 Outside Alpha Missile 30,0,0,
Messadon 2 Below Retro Top Missile 1598,0,0,0x3076f8,0,0,0,chozo,0,0,0,Messadon 2 Below Retro Top Missile 1598,0,0,
Bgarnowr 1 Below Springball Super Missile,0,0,0x307800,0,0,0,chozo,0,0,0,Bgarnowr 1 Below Springball Super Missile,0,0,
Chaud Bay 4 Bottom Reserve Tank,0,0,0x307832,0,0,0,chozo,0,0,0,Chaud Bay 4 Bottom Reserve Tank,0,0,
Chaud Bay 4 with Reserve Missile,0,0,0x307838,0,0,0,chozo,0,0,0,Chaud Bay 4 with Reserve Missile,0,0,
Mahagan 1 Wave Beam,0,0,0x307870,0,0,0,chozo,0,0,0,Mahagan 1 Wave Beam,0,0,
Mahagan 1 by Wave Beam Missile,0,0,0x307876,0,0,0,chozo,0,0,0,Mahagan 1 by Wave Beam Missile,0,0,
Mahagan 2 Bottom Left Super Missile,0,0,0x3078ba,0,0,0,chozo,0,0,0,Mahagan 2 Bottom Left Super Missile,0,0,
Wadaria 1 Bottom Left Missile,0,0,0x3078c8,0,0,0,chozo,0,0,0,Wadaria 1 Bottom Left Missile,0,0,
Wadaria 3 Long Hallway from 2 Missile,0,0,0x3078dc,0,0,0,chozo,0,0,0,Wadaria 3 Long Hallway from 2 Missile,0,0,
Chaud Bay 4 Screw Attack,0,0,0x307a0c,0,0,0,chozo,0,0,0,Chaud Bay 4 Screw Attack,0,0,
Mahagan 2 First Torizolock Super Missile,0,0,0x307aac,0,0,0,chozo,0,0,0,Mahagan 2 First Torizolock Super Missile,0,0,
Mahagan 3 Left Section Super Missile,0,0,0x307af0,0,0,0,chozo,0,0,0,Mahagan 3 Left Section Super Missile,0,0,
Mahagan 3 Left Section Missile,0,0,0x307af6,0,0,0,chozo,0,0,0,Mahagan 3 Left Section Missile,0,0,
Mahagan 2 Top Right Power Bomb,0,0,0x307afc,0,0,0,chozo,0,0,0,Mahagan 2 Top Right Power Bomb,0,0,
Chaud Bay 4 Misdirection Copy PLM Missile,0,0,0x307b16,0,0,0,chozo,0,0,0,Chaud Bay 4 Misdirection Copy PLM Missile,0,0,
Arion 1 John McClain Broken Glass Super Missile 70,0,0,0x307b54,0,0,0,chozo,0,0,0,Arion 1 John McClain Broken Glass Super Missile 70,0,0,
Wadaria 3 Screwlocked Above Ridley Missile,0,0,0x307bb8,0,0,0,chozo,0,0,0,Wadaria 3 Screwlocked Above Ridley Missile,0,0,
Wadaria 3 Screwlocked Above Ridley Power Bomb,0,0,0x307bbe,0,0,0,chozo,0,0,0,Wadaria 3 Screwlocked Above Ridley Power Bomb,0,0,
Messadon 1 Central Super Missile 81,0,0,0x307c0c,0,0,0,chozo,0,0,0,Messadon 1 Central Super Missile 81,0,0,
Messadon 1 Ice Beam 50,0,0,0x307c20,0,0,0,chozo,0,0,0,Messadon 1 Ice Beam 50,0,0,
Messadon 2 Lower Left Super Missile 552,0,0,0x307c32,0,0,0,chozo,0,0,0,Messadon 2 Lower Left Super Missile 552,0,0,
Messadon 2 Lower Left Missile 1615,0,0,0x307c38,0,0,0,chozo,0,0,0,Messadon 2 Lower Left Missile 1615,0,0,
Chaud bay 4 Bottom Right Energy Tank,0,0,0x307e22,0,0,0,chozo,0,0,0,Chaud bay 4 Bottom Right Energy Tank,0,0,
Bgarnowr 2 Central Power Bomb,0,0,0x307c78,0,0,0,chozo,0,0,0,Bgarnowr 2 Central Power Bomb,0,0,
Bgarnowr 2 Central Super Missile,0,0,0x307c96,0,0,0,chozo,0,0,0,Bgarnowr 2 Central Super Missile,0,0,
Bgarnowr 2 Bottom Left Super Missile,0,0,0x307cbc,0,0,0,chozo,0,0,0,Bgarnowr 2 Bottom Left Super Missile,0,0,
Bgarnowr 2 Bottom Left Pair Left Missile,0,0,0x307cc8,0,0,0,chozo,0,0,0,Bgarnowr 2 Bottom Left Pair Left Missile,0,0,
Bgarnowr 2 Bottom Left Pair Right Missile,0,0,0x307cce,0,0,0,chozo,0,0,0,Bgarnowr 2 Bottom Left Pair Right Missile,0,0,
Bgarnowr 1 by SE63 Missile,0,0,0x307ce8,0,0,0,chozo,0,0,0,Bgarnowr 1 by SE63 Missile,0,0,
Wadaria 2 Highest Super Missile,0,0,0x307d02,0,0,0,chozo,0,0,0,Wadaria 2 Highest Super Missile,0,0,
Chaud Bay 4 Lost Caves Missile,0,0,0x307d22,0,0,0,chozo,0,0,0,Chaud Bay 4 Lost Caves Missile,0,0,
Bgarnowr 1 by SE21 Missile,0,0,0x307d70,0,0,0,chozo,0,0,0,Bgarnowr 1 by SE21 Missile,0,0,
Bgarnowr 1 by SE75 Power Bomb,0,0,0x307d78,0,0,0,chozo,0,0,0,Bgarnowr 1 by SE75 Power Bomb,0,0,
Chaud Bay 1 Xray,0,0,0x307d80,0,0,0,chozo,0,0,0,Chaud Bay 1 Xray,0,0,
Chaud Bay 1 Below Xray Missile,0,0,0x307d92,0,0,0,chozo,0,0,0,Chaud Bay 1 Below Xray Missile,0,0,
Chaud Bay 1 Bottom Right Missile,0,0,0x307d98,0,0,0,chozo,0,0,0,Chaud Bay 1 Bottom Right Missile,0,0,
Mahagan 2 Second Torizolock Super Missile,0,0,0x307dac,0,0,0,chozo,0,0,0,Mahagan 2 Second Torizolock Super Missile,0,0,
Mahagan 1 Lower Split Top Super Missile,0,0,0x307db4,0,0,0,chozo,0,0,0,Mahagan 1 Lower Split Top Super Missile,0,0,
Mahagan 1 Lower Split Bottom Missile,0,0,0x307dba,0,0,0,chozo,0,0,0,Mahagan 1 Lower Split Bottom Missile,0,0,
Mahagan 3 Top Missile,0,0,0x307dce,0,0,0,chozo,0,0,0,Mahagan 3 Top Missile,0,0,
Mahagan 3 Speedlocked Super Missile,0,0,0x307dd4,0,0,0,chozo,0,0,0,Mahagan 3 Speedlocked Super Missile,0,0,
Mahagan 3 Door Open Super Missile,0,0,0x307dda,0,0,0,chozo,0,0,0,Mahagan 3 Door Open Super Missile,0,0,
Wadaria 3 by SE79 Missile,0,0,0x307dee,0,0,0,chozo,0,0,0,Wadaria 3 by SE79 Missile,0,0,
Wadaria 1 Central Superlocked Missile,0,0,0x307df6,0,0,0,chozo,0,0,0,Wadaria 1 Central Superlocked Missile,0,0,
Mahagan 2 Prize Room Power Bomb,0,0,0x307eee,0,0,0,chozo,0,0,0,Mahagan 2 Prize Room Power Bomb,0,0,
